<?xml version="1.0" encoding="utf-8"?>
<extension type="module" version="2.5" client="site" method="upgrade">
	<name>mod_tweetdisplayback</name>
	<creationDate>2013-07-26</creationDate>
	<author>Michael Babker</author>
	<copyright>(C) 2010-2013 Michael Babker</copyright>
	<authorEmail>mbabker@flbab.com</authorEmail>
	<authorUrl>http://www.babdev.com</authorUrl>
	<version>3.0.3</version>
	<license>GNU/GPL</license>
	<description>MOD_TWEETDISPLAYBACK_XML_DESCRIPTION</description>
	<scriptfile>script.php</scriptfile>
	<files>
		<folder>fields</folder>
		<folder>language</folder>
		<folder>libraries</folder>
		<folder>tmpl</folder>
		<filename module="mod_tweetdisplayback">mod_tweetdisplayback.php</filename>
		<filename>helper.php</filename>
		<filename>index.html</filename>
		<filename>mod_tweetdisplayback.xml</filename>
	</files>
	<media destination="mod_tweetdisplayback" folder="media">
		<folder>css</folder>
		<folder>images</folder>
		<filename>index.html</filename>
	</media>
	<updateservers>
		<server type="extension" name="Tweet Display Back Updates" priority="2">http://www.babdev.com/updates/TDB.xml</server>
	</updateservers>
	<config>
		<fields name="params" addfieldpath="/modules/mod_tweetdisplayback/fields">
			<fieldset name="version">
				<field
					type="version"
					label="MOD_TWEETDISPLAYBACK_FIELDSET_VERSION_LABEL" />
				<field
					name="stability"
					type="list"
					default="stable"
					label="MOD_TWEETDISPLAYBACK_FIELDSET_VERSION_STABILITY_LABEL"
					description="MOD_TWEETDISPLAYBACK_FIELDSET_VERSION_STABILITY_DESCRIPTION" >
					<option value="alpha">MOD_TWEETDISPLAYBACK_FIELDSET_VERSION_STABILITY_ALPHA</option>
					<option value="beta">MOD_TWEETDISPLAYBACK_FIELDSET_VERSION_STABILITY_BETA</option>
					<option value="rc">MOD_TWEETDISPLAYBACK_FIELDSET_VERSION_STABILITY_RC</option>
					<option value="stable">MOD_TWEETDISPLAYBACK_FIELDSET_VERSION_STABILITY_STABLE</option>
				</field>
			</fieldset>
			<fieldset name="twitter">
				<field
					name="twitterFeedType"
					type="list"
					default="user"
					label="MOD_TWEETDISPLAYBACK_FIELDSET_TWITTER_FEEDTYPE_LABEL"
					description="MOD_TWEETDISPLAYBACK_FIELDSET_TWITTER_FEEDTYPE_DESCRIPTION" >
					<option
						value="user">MOD_TWEETDISPLAYBACK_FIELDSET_TWITTER_FEEDTYPE_OPTION_USER</option>
					<option
						value="favorites">MOD_TWEETDISPLAYBACK_FIELDSET_TWITTER_FEEDTYPE_OPTION_FAVORITES</option>
					<option
						value="list">MOD_TWEETDISPLAYBACK_FIELDSET_TWITTER_FEEDTYPE_OPTION_LIST</option>
				</field>
				<field
					name="twitterName"
					type="text"
					label="MOD_TWEETDISPLAYBACK_FIELDSET_TWITTER_USERNAME_LABEL"
					description="MOD_TWEETDISPLAYBACK_FIELDSET_TWITTER_USERNAME_DESCRIPTION"
					required="true" />
				<field
					name="twitterList"
					type="text"
					label="MOD_TWEETDISPLAYBACK_FIELDSET_TWITTER_LISTNAME_LABEL"
					description="MOD_TWEETDISPLAYBACK_FIELDSET_TWITTER_LISTNAME_DESCRIPTION" />
				<field
					name="twitterCount"
					type="text"
					default="3"
					filter="integer"
					label="MOD_TWEETDISPLAYBACK_FIELDSET_TWITTER_COUNT_LABEL"
					description="MOD_TWEETDISPLAYBACK_FIELDSET_TWITTER_COUNT_DESCRIPTION"
					required="true" />
			</fieldset>
			<fieldset name="template">
				<field
					name="templateLayout"
					type="filelist"
					default="default"
					label="MOD_TWEETDISPLAYBACK_FIELDSET_TEMPLATE_LAYOUT_LABEL"
					directory="modules/mod_tweetdisplayback/tmpl"
					filter="\.php$"
					hide_default="1"
					hide_none="1"
					stripext="1"
					description="MOD_TWEETDISPLAYBACK_FIELDSET_TEMPLATE_LAYOUT_DESCRIPTION" />
			</fieldset>
			<fieldset name="header">
				<field
					name="headerDisplay"
					type="radio"
					class="btn-group"
					default="1"
					label="MOD_TWEETDISPLAYBACK_FIELDSET_HEADER_DISPLAY_LABEL"
					description="MOD_TWEETDISPLAYBACK_FIELDSET_HEADER_DISPLAY_DESCRIPTION" >
					<option
						value="0">JNO</option>
					<option
						value="1">JYES</option>
				</field>
				<field
					name="headerclasssfx"
					type="text"
					label="MOD_TWEETDISPLAYBACK_FIELDSET_HEADER_HEADERCLASSSFX_LABEL"
					description="MOD_TWEETDISPLAYBACK_FIELDSET_HEADER_HEADERCLASSSFX_DESCRIPTION" />
				<field
					name="headerUser"
					type="radio"
					class="btn-group"
					default="1"
					label="MOD_TWEETDISPLAYBACK_FIELDSET_HEADER_USER_LABEL"
					description="MOD_TWEETDISPLAYBACK_FIELDSET_HEADER_USER_DESCRIPTION" >
					<option
						value="0">JNO</option>
					<option
						value="1">JYES</option>
				</field>
				<field
					name="headerName"
					type="radio"
					class="btn-group"
					default="0"
					label="MOD_TWEETDISPLAYBACK_FIELDSET_HEADER_NAME_LABEL"
					description="MOD_TWEETDISPLAYBACK_FIELDSET_HEADER_NAME_DESCRIPTION" >
					<option
						value="0">MOD_TWEETDISPLAYBACK_FIELDSET_HEADER_NAME_OPTION_USER</option>
					<option
						value="1">MOD_TWEETDISPLAYBACK_FIELDSET_HEADER_NAME_OPTION_NAME</option>
				</field>
				<field
					name="headerAvatar"
					type="radio"
					class="btn-group"
					default="1"
					label="MOD_TWEETDISPLAYBACK_FIELDSET_HEADER_AVATAR_LABEL"
					description="MOD_TWEETDISPLAYBACK_FIELDSET_HEADER_AVATAR_DESCRIPTION" >
					<option
						value="0">JNO</option>
					<option
						value="1">JYES</option>
				</field>
				<field
					name="headerAvatarAlignment"
					type="radio"
					class="btn-group"
					default="left"
					label="MOD_TWEETDISPLAYBACK_FIELDSET_HEADER_AVATAR_ALIGNMENT_LABEL"
					description="MOD_TWEETDISPLAYBACK_FIELDSET_HEADER_AVATAR_ALIGNMENT_DESCRIPTION" >
					<option
						value="left">JGLOBAL_LEFT</option>
					<option
						value="right">JGLOBAL_RIGHT</option>
				</field>
				<field
					name="headerBio"
					type="radio"
					class="btn-group"
					default="1"
					label="MOD_TWEETDISPLAYBACK_FIELDSET_HEADER_BIO_LABEL"
					description="MOD_TWEETDISPLAYBACK_FIELDSET_HEADER_BIO_DESCRIPTION" >
					<option
						value="0">JNO</option>
					<option
						value="1">JYES</option>
				</field>
				<field
					name="headerWeb"
					type="radio"
					class="btn-group"
					default="1"
					label="MOD_TWEETDISPLAYBACK_FIELDSET_HEADER_URL_LABEL"
					description="MOD_TWEETDISPLAYBACK_FIELDSET_HEADER_URL_DESCRIPTION" >
					<option
						value="0">JNO</option>
					<option
						value="1">JYES</option>
				</field>
				<field
					name="headerLocation"
					type="radio"
					class="btn-group"
					default="1"
					label="MOD_TWEETDISPLAYBACK_FIELDSET_HEADER_LOCATION_LABEL"
					description="MOD_TWEETDISPLAYBACK_FIELDSET_HEADER_LOCATION_DESCRIPTION" >
					<option
						value="0">JNO</option>
					<option
						value="1">JYES</option>
				</field>
			</fieldset>
			<fieldset name="tweet">
				<field
					name="tweetclasssfx"
					type="text"
					label="MOD_TWEETDISPLAYBACK_FIELDSET_TWEET_TWEETCLASSSFX_LABEL"
					description="MOD_TWEETDISPLAYBACK_FIELDSET_TWEET_TWEETCLASSSFX_DESCRIPTION" />
				<field
					name="tweetAvatar"
					type="radio"
					class="btn-group"
					default="1"
					label="MOD_TWEETDISPLAYBACK_FIELDSET_TWEET_AVATAR_LABEL"
					description="MOD_TWEETDISPLAYBACK_FIELDSET_TWEET_AVATAR_DESCRIPTION" >
					<option
						value="0">JNO</option>
					<option
						value="1">JYES</option>
				</field>
				<field
					name="tweetAlignment"
					type="radio"
					class="btn-group"
					default="left"
					label="MOD_TWEETDISPLAYBACK_FIELDSET_TWEET_ALIGNMENT_LABEL"
					description="MOD_TWEETDISPLAYBACK_FIELDSET_TWEET_ALIGNMENT_DESCRIPTION" >
					<option
						value="left">JGLOBAL_LEFT</option>
					<option
						value="right">JGLOBAL_RIGHT</option>
				</field>
				<field
					name="tweetName"
					type="radio"
					class="btn-group"
					default="1"
					label="MOD_TWEETDISPLAYBACK_FIELDSET_TWEET_USER_LABEL"
					description="MOD_TWEETDISPLAYBACK_FIELDSET_TWEET_USER_DESCRIPTION" >
					<option
						value="0">JNO</option>
					<option
						value="1">JYES</option>
				</field>
				<field
					name="tweetUserSeparator"
					type="text"
					length="5"
					filter="safehtml"
					default=" "
					label="MOD_TWEETDISPLAYBACK_FIELDSET_TWEET_USERSEPARATOR_LABEL"
					description="MOD_TWEETDISPLAYBACK_FIELDSET_TWEET_USERSEPARATOR_DESCRIPTION" />
				<field
					name="tweetCreated"
					type="radio"
					class="btn-group"
					default="1"
					label="MOD_TWEETDISPLAYBACK_FIELDSET_TWEET_CREATEDATE_LABEL"
					description="MOD_TWEETDISPLAYBACK_FIELDSET_TWEET_CREATEDATE_DESCRIPTION" >
					<option
						value="0">JNO</option>
					<option
						value="1">JYES</option>
				</field>
				<field
					name="tweetRelativeTime"
					type="radio"
					class="btn-group"
					default="1"
					label="MOD_TWEETDISPLAYBACK_FIELDSET_TWEET_RELATIVEDATE_LABEL"
					description="MOD_TWEETDISPLAYBACK_FIELDSET_TWEET_RELATIVEDATE_DESCRIPTION" >
					<option
						value="0">JNO</option>
					<option
						value="1">JYES</option>
				</field>
				<field
					name="tweetReply"
					type="radio"
					class="btn-group"
					default="1"
					label="MOD_TWEETDISPLAYBACK_FIELDSET_TWEET_ACTION_LABEL"
					description="MOD_TWEETDISPLAYBACK_FIELDSET_TWEET_ACTION_DESCRIPTION" >
					<option
						value="0">JNO</option>
					<option
						value="1">JYES</option>
				</field>
				<field
					name="tweetReplyLink"
					type="radio"
					class="btn-group"
					default="1"
					label="MOD_TWEETDISPLAYBACK_FIELDSET_TWEET_REPLYLINK_LABEL"
					description="MOD_TWEETDISPLAYBACK_FIELDSET_TWEET_REPLYLINK_DESCRIPTION" >
					<option
						value="0">JNO</option>
					<option
						value="1">JYES</option>
				</field>
				<field
					name="tweetRetweetCount"
					type="radio"
					class="btn-group"
					default="1"
					label="MOD_TWEETDISPLAYBACK_FIELDSET_TWEET_RTCOUNT_LABEL"
					description="MOD_TWEETDISPLAYBACK_FIELDSET_TWEET_RTCOUNT_DESCRIPTION" >
					<option
						value="0">JNO</option>
					<option
						value="1">JYES</option>
				</field>
				<field
					name="tweetSource"
					type="radio"
					class="btn-group"
					default="1"
					label="MOD_TWEETDISPLAYBACK_FIELDSET_TWEET_SOURCE_LABEL"
					description="MOD_TWEETDISPLAYBACK_FIELDSET_TWEET_SOURCE_DESCRIPTION" >
					<option
						value="0">JNO</option>
					<option
						value="1">JYES</option>
				</field>
				<field
					name="tweetLocation"
					type="radio"
					class="btn-group"
					default="0"
					label="MOD_TWEETDISPLAYBACK_FIELDSET_TWEET_LOCATION_LABEL"
					description="MOD_TWEETDISPLAYBACK_FIELDSET_TWEET_LOCATION_DESCRIPTION" >
					<option
						value="0">JNO</option>
					<option
						value="1">JYES</option>
				</field>
				<field
					name="tweetLinks"
					type="radio"
					class="btn-group"
					default="1"
					label="MOD_TWEETDISPLAYBACK_FIELDSET_TWITTER_LINK_LABEL"
					description="MOD_TWEETDISPLAYBACK_FIELDSET_TWITTER_LINK_DESCRIPTION" >
					<option
						value="0">JNO</option>
					<option
						value="1">JYES</option>
				</field>
			</fieldset>
			<fieldset name="filter">
				<field
					name="showMentions"
					type="radio"
					class="btn-group"
					default="1"
					label="MOD_TWEETDISPLAYBACK_FIELDSET_FILTER_MENTIONS_LABEL"
					description="MOD_TWEETDISPLAYBACK_FIELDSET_FILTER_MENTIONS_DESCRIPTION" >
					<option
						value="0">JNO</option>
					<option
						value="1">JYES</option>
				</field>
				<field
					name="showReplies"
					type="radio"
					class="btn-group"
					default="1"
					label="MOD_TWEETDISPLAYBACK_FIELDSET_FILTER_REPLIES_LABEL"
					description="MOD_TWEETDISPLAYBACK_FIELDSET_FILTER_REPLIES_DESCRIPTION" >
					<option
						value="0">JNO</option>
					<option
						value="1">JYES</option>
				</field>
				<field
					name="tweetRetweets"
					type="radio"
					class="btn-group"
					default="1"
					label="MOD_TWEETDISPLAYBACK_FIELDSET_TWEET_RETWEET_LABEL"
					description="MOD_TWEETDISPLAYBACK_FIELDSET_TWEET_RETWEET_DESCRIPTION" >
					<option
						value="0">JNO</option>
					<option
						value="1">JYES</option>
				</field>
				<field
					name="overrideCount"
					type="radio"
					class="btn-group"
					default="0"
					label="MOD_TWEETDISPLAYBACK_FIELDSET_FILTER_OVERRIDECOUNT_LABEL"
					description="MOD_TWEETDISPLAYBACK_FIELDSET_FILTER_OVERRIDECOUNT_DESCRIPTION" >
					<option
						value="0">JNO</option>
					<option
						value="1">JYES</option>
				</field>
				<field
					name="tweetsToScan"
					type="text"
					default="3"
					filter="integer"
					label="MOD_TWEETDISPLAYBACK_FIELDSET_FILTER_TWEETSTOSCAN_LABEL"
					description="MOD_TWEETDISPLAYBACK_FIELDSET_FILTER_TWEETSTOSCAN_DESCRIPTION"
					required="true" />
			</fieldset>
			<fieldset name="footer">
				<field
					name="footerFollowLink"
					type="radio"
					class="btn-group"
					default="1"
					label="MOD_TWEETDISPLAYBACK_FIELDSET_FOOTER_FOLLOW_LINK_LABEL"
					description="MOD_TWEETDISPLAYBACK_FIELDSET_FOOTER_FOLLOW_LINK_DESCRIPTION" >
					<option
						value="0">JNO</option>
					<option
						value="1">JYES</option>
				</field>
				<field
					name="footerFollowCount"
					type="radio"
					class="btn-group"
					default="1"
					label="MOD_TWEETDISPLAYBACK_FIELDSET_FOOTER_FOLLOW_COUNT_LABEL"
					description="MOD_TWEETDISPLAYBACK_FIELDSET_FOOTER_FOLLOW_COUNT_DESCRIPTION" >
					<option
						value="0">JNO</option>
					<option
						value="1">JYES</option>
				</field>
				<field
					name="footerFollowUser"
					type="radio"
					class="btn-group"
					default="1"
					label="MOD_TWEETDISPLAYBACK_FIELDSET_FOOTER_FOLLOW_USER_LABEL"
					description="MOD_TWEETDISPLAYBACK_FIELDSET_FOOTER_FOLLOW_USER_DESCRIPTION" >
					<option
						value="0">JNO</option>
					<option
						value="1">JYES</option>
				</field>
				<field
					name="footerPoweredBy"
					type="radio"
					class="btn-group"
					default="1"
					label="MOD_TWEETDISPLAYBACK_FIELDSET_FOOTER_POWEREDBY_LABEL"
					description="MOD_TWEETDISPLAYBACK_FIELDSET_FOOTER_POWEREDBY_DESCRIPTION" >
					<option
						value="0">JNO</option>
					<option
						value="1">JYES</option>
				</field>
			</fieldset>
			<fieldset name="advanced">
				<field
					name="cache"
					type="radio"
					class="btn-group"
					default="1"
					label="COM_MODULES_FIELD_CACHING_LABEL"
					description="COM_MODULES_FIELD_CACHING_DESC" >
					<option
						value="1">JYES</option>
					<option
						value="0">JNO</option>
				</field>
				<field
					name="cache_time"
					type="text"
					default="15"
					label="COM_MODULES_FIELD_CACHE_TIME_LABEL"
					description="COM_MODULES_FIELD_CACHE_TIME_DESC" />
				<field
					name="moduleclass_sfx"
					type="text"
					label="COM_MODULES_FIELD_MODULECLASS_SFX_LABEL"
					description="COM_MODULES_FIELD_MODULECLASS_SFX_DESC" />
				<field
					name="bypassIntent"
					type="radio"
					class="btn-group"
					default="0"
					label="MOD_TWEETDISPLAYBACK_FIELDSET_ADVANCED_BYPASSINTENT_LABEL"
					description="MOD_TWEETDISPLAYBACK_FIELDSET_ADVANCED_BYPASSINTENT_DESCRIPTION" >
					<option
						value="1">JYES</option>
					<option
						value="0">JNO</option>
				</field>
				<field
					name="overrideConnector"
					type="list"
					class="btn-group"
					default="no"
					label="MOD_TWEETDISPLAYBACK_FIELDSET_ADVANCED_OVERRIDECONNECTOR_LABEL"
					description="MOD_TWEETDISPLAYBACK_FIELDSET_ADVANCED_OVERRIDECONNECTOR_DESCRIPTION" >
					<option
						value="no">JNO</option>
					<option
						value="curl">MOD_TWEETDISPLAYBACK_FIELDSET_ADVANCED_OVERRIDECONNECTOR_OPTION_CURL</option>
					<option
						value="socket">MOD_TWEETDISPLAYBACK_FIELDSET_ADVANCED_OVERRIDECONNECTOR_OPTION_SOCKET</option>
					<option
						value="stream">MOD_TWEETDISPLAYBACK_FIELDSET_ADVANCED_OVERRIDECONNECTOR_OPTION_STREAM</option>
				</field>
			</fieldset>
		</fields>
	</config>
</extension>
